NBA ID,Player Name,Position,Age,DPM,Offensive DPM,Defensive DPM,Box Only O-DPM,Box Only D-DPM,On Off O-DPM,On Off D-DPM
203999,Nikola Jokic,c_pos,31.3,7.03,5.13,1.9,4.3,1.18,5.26,1.97
1641705,Victor Wembanyama,pf_pos,22.4,6.36,3.97,2.39,4.2,2,3.79,2.58
202695,Kawhi Leonard,sf_pos,34.9,5.88,5.39,0.5,5.56,0.27,5.36,0.52
1628983,Shai Gilgeous-Alexander,pg_pos,27.9,5.62,5.03,0.59,5.08,0.06,5.02,0.67
203507,Giannis Antetokounmpo,pf_pos,31.5,5.14,3.77,1.37,3.9,-0.05,3.75,1.5
1629029,Luka Doncic,sf_pos,27.3,4.46,4.53,-0.07,4.15,-1.04,4.62,0.07
1628378,Donovan Mitchell,sg_pos,29.7,3.87,4.52,-0.65,3.41,-1.37,4.75,-0.56
1630595,Cade Cunningham,pg_pos,24.7,3.64,3.26,0.38,1.85,-0.15,3.94,0.53
1628384,OG Anunoby,sf_pos,28.9,3.59,1.77,1.82,1.73,1.5,1.79,1.87
1630162,Anthony Edwards,sg_pos,24.8,3.58,4.13,-0.55,3.27,-0.48,4.37,-0.56
1626157,Karl-Anthony Towns,c_pos,30.6,3.57,2.37,1.2,2.24,0.55,2.39,1.28
1628369,Jayson Tatum,sf_pos,28.3,3.41,3.64,-0.23,4.04,-0.33,3.56,-0.22
1628973,Jalen Brunson,pg_pos,29.8,3.39,4.3,-0.91,4.19,-2.27,4.33,-0.71
1631096,Chet Holmgren,c_pos,24.1,3.29,1.02,2.27,0.67,1.75,1.27,2.49
201142,Kevin Durant,sf_pos,37.7,3.17,2.84,0.33,3.47,-0.24,2.78,0.36
1630567,Scottie Barnes,sf_pos,24.8,2.88,1.37,1.5,1.32,1.18,1.39,1.58
1629011,Mitchell Robinson,c_pos,28.2,2.85,0.12,2.73,0.7,1.27,-0.16,3.15
1627750,Jamal Murray,sg_pos,29.3,2.8,3.59,-0.8,2.63,-0.86,3.8,-0.79
201935,James Harden,sg_pos,36.8,2.64,2.92,-0.28,2.21,-0.96,2.99,-0.24
1628386,Jarrett Allen,c_pos,28.1,2.62,0.87,1.75,-0.15,0.87,1.14,1.89
1630169,Tyrese Haliburton,pg_pos,26.3,2.6,2.43,0.17,2.82,0.91,2.27,0
203954,Joel Embiid,c_pos,32.2,2.59,2.08,0.51,2.8,-0.12,1.88,0.62
1630163,LaMelo Ball,pg_pos,24.8,2.59,3.21,-0.62,2.2,-0.42,3.72,-0.69
1628392,Isaiah Hartenstein,c_pos,28.1,2.43,-0.47,2.9,-0.14,3.78,-0.63,2.64
1629660,Ty Jerome,pg_pos,28.9,2.3,2.51,-0.21,2.52,0.82,2.51,-0.85
1628389,Bam Adebayo,c_pos,28.9,2.26,1.48,0.78,1.01,0.16,1.59,0.86
1627751,Jakob Poeltl,c_pos,30.6,2.21,-0.17,2.38,-0.41,2.42,-0.1,2.38
1628368,De'Aaron Fox,pg_pos,28.5,2.16,1.97,0.19,1.36,-1.11,2.11,0.37
203932,Aaron Gordon,sf_pos,30.7,2.11,1.79,0.32,1.57,-1.03,1.83,0.48
1629057,Robert Williams III,c_pos,28.6,2.07,-0.07,2.13,0.45,2.71,-0.43,1.89
1627936,Alex Caruso,sg_pos,32.3,2.04,0.02,2.02,-0.22,2.53,0.11,1.9
1642264,Stephon Castle,pg_pos,21.6,2.01,1.79,0.22,2.08,-0.58,1.49,0.7
201939,Stephen Curry,pg_pos,38.2,1.99,3.79,-1.8,3.34,-1.62,3.84,-1.81
1626164,Devin Booker,sg_pos,29.6,1.99,3.31,-1.32,2.7,-2.16,3.42,-1.24
203497,Rudy Gobert,c_pos,33.9,1.93,-1.58,3.51,-0.28,1.67,-1.79,3.69
202710,Jimmy Butler,sf_pos,36.7,1.92,1.3,0.62,1.95,-0.7,1.21,0.73
1630577,Julian Champagnie,sf_pos,24.9,1.84,1.11,0.73,0.84,-0.22,1.31,1.15
1630596,Evan Mobley,c_pos,25.0,1.81,0.88,0.92,1.3,1.06,0.72,0.89
1630178,Tyrese Maxey,pg_pos,25.6,1.79,2.7,-0.91,2.66,-0.82,2.71,-0.93
1627759,Jaylen Brown,sf_pos,29.6,1.78,3.05,-1.27,2.42,-1.07,3.17,-1.3
1631105,Jalen Duren,c_pos,22.5,1.75,1.06,0.69,1.22,-0.05,0.97,0.96
1628374,Lauri Markkanen,pf_pos,29.0,1.61,1.86,-0.25,3.32,-1.2,1.4,-0.07
1642844,Dylan Harper,sg_pos,20.3,1.6,1.32,0.28,1.45,0.11,1.02,0.52
203076,Anthony Davis,c_pos,33.2,1.59,0.07,1.52,0.21,1.81,0.05,1.49
1630532,Franz Wagner,sf_pos,24.8,1.58,1.8,-0.22,1.03,-1.59,2.14,0.15
1641717,Cason Wallace,sg_pos,22.6,1.55,0.2,1.35,0.74,1.79,-0.19,1.16
1628401,Derrick White,sg_pos,31.9,1.54,0.75,0.79,-0.79,-0.45,1.14,0.98
1630194,Paul Reed,pf_pos,27.0,1.52,0.26,1.26,0.66,1.06,-0.17,1.39
1630572,Sandro Mamukelashvili,pf_pos,27.0,1.45,0.92,0.54,0.99,0.52,0.83,0.55
203500,Steven Adams,c_pos,32.9,1.45,-1.58,3.03,-1.15,1.32,-1.68,3.25
1628978,Donte DiVincenzo,sg_pos,29.3,1.44,0.16,1.27,-0.21,0.46,0.29,1.44
1628991,Jaren Jackson Jr.,pf_pos,26.7,1.41,0.22,1.19,-0.16,0.63,0.35,1.3
204001,Kristaps Porzingis,c_pos,30.8,1.36,0.64,0.72,1.81,0.54,0.3,0.75
1629008,Michael Porter Jr.,pf_pos,27.9,1.35,2.2,-0.85,3.18,-1.21,1.85,-0.77
1630168,Onyeka Okongwu,pf_pos,25.5,1.32,0.33,0.99,0.31,1.16,0.34,0.94
1631114,Jalen Williams,pg_pos,25.1,1.32,1.53,-0.21,1.81,-0.85,1.39,-0.01
2544,LeBron James,sf_pos,41.4,1.31,1.58,-0.27,1.53,-0.51,1.58,-0.26
1627884,Derrick Jones Jr.,sg_pos,29.3,1.28,0.13,1.15,-0.79,-0.05,0.5,1.44
1630549,Day'Ron Sharpe,c_pos,24.6,1.26,0.07,1.19,0.34,1.16,-0.28,1.22
1641708,Amen Thompson,sg_pos,23.3,1.23,0.84,0.39,1.33,-0.43,0.5,0.73
1627826,Ivica Zubac,c_pos,29.2,1.22,-0.09,1.3,-0.07,1.29,-0.09,1.3
1630591,Jalen Suggs,sg_pos,25.0,1.21,-0.07,1.27,-0.94,0.78,0.48,1.46
1630540,Miles McBride,pg_pos,25.7,1.19,0.8,0.39,0.12,-0.8,1.37,0.98
1630578,Alperen Sengun,c_pos,23.9,1.19,0.58,0.61,0.06,-0.18,0.81,0.82
1630188,Jalen Smith,pf_pos,26.2,1.18,0.43,0.75,0.24,0.03,0.6,1.12
1631169,Josh Minott,sf_pos,23.5,1.17,0.33,0.84,0.59,1.08,-0.63,0.34
1629634,Brandon Clarke,c_pos,29.7,1.16,-0.11,1.27,0.05,1.26,-0.22,1.27
1631157,Ryan Rollins,pg_pos,23.9,1.16,1.16,-0.01,1.55,0.43,0.59,-0.39
203468,CJ McCollum,sg_pos,34.7,1.15,1.31,-0.16,0.92,-0.89,1.37,-0.09
1630170,Devin Vassell,sg_pos,25.8,1.11,0.52,0.59,-0.14,-0.07,0.8,0.76
1631217,Moussa Diabate,c_pos,24.4,1.1,-0.11,1.22,-0.55,1.29,0.53,1.15
1627783,Pascal Siakam,pf_pos,32.2,1.07,1.59,-0.52,1.37,-1.4,1.64,-0.41
202331,Paul George,sf_pos,36.1,1.07,0.28,0.79,0.07,0.96,0.31,0.78
1631243,Mouhamed Gueye,pf_pos,23.6,1.03,-0.86,1.89,-0.87,2.21,-0.83,1.4
1629048,Goga Bitadze,c_pos,26.9,1.02,-0.65,1.68,0.15,1.33,-1.34,1.86
1629674,Neemias Queta,c_pos,26.9,1.02,-0.43,1.45,-0.62,0.67,-0.15,2.15
1630559,Austin Reaves,pg_pos,28.0,1.02,2.19,-1.18,1.83,-1.7,2.35,-1.05
1629684,Grant Williams,pf_pos,27.5,1,0.21,0.79,-0.1,0.04,0.36,1
203935,Marcus Smart,sg_pos,32.2,0.98,-0.23,1.21,-1.77,0.9,0.08,1.24
1630166,Deni Avdija,sf_pos,25.4,0.98,1.61,-0.63,1,-2,1.85,-0.3
1629636,Darius Garland,pg_pos,26.4,0.96,2.22,-1.27,2.71,-1.04,2.06,-1.31
1642349,Ajay Mitchell,pg_pos,23.9,0.95,1.03,-0.09,1.13,-0.56,0.86,0.47
1627832,Fred VanVleet,pg_pos,32.3,0.94,-0.24,1.18,-0.98,0.53,-0.04,1.28
1642270,Donovan Clingan,c_pos,22.3,0.92,-0.1,1.02,0.18,1.21,-0.47,0.86
1630568,Luka Garza,c_pos,27.4,0.91,1.08,-0.17,1.51,-0.17,0.12,-0.18
203991,Clint Capela,c_pos,32.0,0.9,-1.98,2.88,-1.97,1.87,-1.99,3.03
1629630,Ja Morant,pg_pos,26.8,0.89,1.41,-0.53,0.27,-1.06,1.89,-0.39
1630193,Immanuel Quickley,pg_pos,27.0,0.88,1.08,-0.2,1.08,-0.29,1.08,-0.18
1629627,Zion Williamson,c_pos,25.9,0.88,1.51,-0.63,1.66,-1,1.43,-0.51
1629638,Nickeil Alexander-Walker,sg_pos,27.8,0.85,0.99,-0.14,1.4,-0.55,0.82,-0.03
1630529,Herbert Jones,sg_pos,27.7,0.84,-0.41,1.26,-1.76,1.06,0.29,1.32
1641709,Ausar Thompson,sg_pos,23.3,0.84,-1.03,1.87,-1.55,1.58,-0.56,2.03
203939,Dwight Powell,c_pos,34.9,0.83,-1.45,2.28,-1,1.6,-1.61,2.43
1641774,Tristan Vukcevic,pf_pos,23.2,0.8,0.47,0.33,1.01,0.76,-1.45,-0.58
1642867,Collin Murray-Boyles,c_pos,20.9,0.8,0.09,0.71,0.31,0.76,-0.7,0.6
1629680,Matisse Thybulle,sg_pos,29.3,0.78,-1.04,1.82,-0.62,0.84,-1.3,2.17
1630700,Dyson Daniels,pg_pos,23.2,0.76,-0.29,1.06,-0.38,-0.03,-0.24,1.46
1629661,Cameron Johnson,sg_pos,30.3,0.76,0.88,-0.13,0.75,-0.35,0.94,-0.07
1630217,Desmond Bane,sg_pos,27.9,0.73,0.86,-0.13,0.67,-0.13,0.93,-0.13
1641706,Brandon Miller,sf_pos,23.5,0.71,1.19,-0.48,1.16,-0.25,1.22,-0.6
1630551,Justin Champagnie,sf_pos,24.9,0.71,0.63,0.08,1.27,0.11,-0.31,0.04
1628371,Jonathan Isaac,pf_pos,28.7,0.69,-1.63,2.33,-1.8,1.61,-1.51,2.65
1631165,Keon Ellis,sg_pos,26.4,0.68,-0.28,0.97,-0.39,1.22,-0.17,0.8
1631221,Collin Gillespie,pg_pos,26.9,0.68,0.52,0.16,0.45,0.17,0.64,0.15
1628976,Wendell Carter Jr.,c_pos,27.1,0.67,-0.95,1.62,-0.75,1.77,-1.02,1.58
1641750,Ryan Kalkbrenner,c_pos,24.2,0.65,-0.39,1.03,-0.09,1.29,-1.36,0.52
1631106,Tari Eason,sf_pos,25.1,0.64,-0.67,1.32,-1.27,0.92,-0.15,1.53
1627742,Brandon Ingram,sf_pos,28.8,0.64,0.84,-0.21,1.08,-0.2,0.78,-0.21
1631117,Walker Kessler,c_pos,24.9,0.64,-0.42,1.06,0.05,1.98,-0.87,0.53
1629020,Jarred Vanderbilt,pf_pos,27.2,0.63,-1.29,1.92,-1.51,1.28,-1.15,2.16
202699,Tobias Harris,sf_pos,33.9,0.63,0.18,0.45,-0.45,0.47,0.26,0.45
1642345,Oso Ighodaro,c_pos,23.9,0.62,-1.28,1.9,-1.72,2.34,-0.55,1.47
1629628,RJ Barrett,sf_pos,26.0,0.62,1.23,-0.61,0.14,-1.75,1.58,-0.39
1629001,De'Anthony Melton,pg_pos,28.0,0.61,-0.26,0.87,-0.85,0.76,0.03,0.9
1629731,Dean Wade,sf_pos,29.5,0.6,-0.11,0.71,-0.5,0.11,0.15,0.95
1630692,Jordan Goodwin,sg_pos,27.6,0.6,-0.3,0.9,-0.34,0.99,-0.24,0.83
1629027,Trae Young,pg_pos,27.7,0.59,2.32,-1.73,2.73,-1.69,2.22,-1.74
1630611,Gui Santos,sg_pos,24.0,0.59,0.24,0.35,0.05,0.19,0.61,0.54
1631128,Christian Braun,sg_pos,25.1,0.58,0.54,0.04,-0.21,-0.69,0.99,0.31
1629130,Duncan Robinson,sg_pos,32.1,0.57,0.85,-0.27,1.31,-0.22,0.69,-0.28
1641739,Toumani Camara,sf_pos,26.1,0.57,-0.08,0.65,-0.33,0.67,0.09,0.64
1641775,Jordan Walsh,sg_pos,22.3,0.57,-0.24,0.81,0.01,0.94,-0.93,0.58
1641764,Brandin Podziemski,sg_pos,23.3,0.56,0.44,0.12,0.8,0.49,0.17,-0.05
1630541,Moses Moody,sg_pos,24.0,0.56,0.3,0.25,0.73,0.17,-0.03,0.29
1629639,Tyler Herro,sg_pos,26.4,0.55,1.83,-1.28,1.48,-1.56,1.95,-1.22
1628404,Josh Hart,sg_pos,31.3,0.53,-0.07,0.6,-0.03,0.59,-0.08,0.61
1629750,Javonte Green,sg_pos,32.9,0.53,-0.77,1.3,-0.39,1.35,-1.07,1.27
1629013,Landry Shamet,sg_pos,29.2,0.52,0.15,0.37,-0.11,-0.13,0.27,0.5
1626181,Norman Powell,sg_pos,33.0,0.51,1.36,-0.85,1.9,-0.81,1.22,-0.86
203084,Harrison Barnes,sf_pos,34.0,0.49,0.51,-0.02,0.33,-0.71,0.53,0.04
1630202,Payton Pritchard,pg_pos,28.3,0.47,1.93,-1.46,2.76,-1.52,1.55,-1.45
1628969,Mikal Bridges,sg_pos,29.8,0.47,0.43,0.03,0.4,-0.1,0.44,0.05
1641726,Dereck Lively II,c_pos,22.3,0.47,-0.94,1.41,-1.05,1.5,-0.74,1.31
1642271,Kyle Filipowski,c_pos,22.6,0.46,0.55,-0.09,0.71,0.9,0.31,-0.93
1629645,Kevin Porter Jr.,pg_pos,26.1,0.45,-0.12,0.57,0.12,1.77,-0.26,0.18
1628436,Luke Kornet,c_pos,30.9,0.43,-1.22,1.64,-1.34,1.27,-1.13,1.79
1631200,Kris Murray,sg_pos,25.8,0.41,-1.13,1.54,-1.06,1.62,-1.23,1.49
1630552,Jalen Johnson,sf_pos,24.5,0.4,0.93,-0.53,1.16,-0.81,0.78,-0.42
1628960,Grayson Allen,sg_pos,30.7,0.4,0.94,-0.54,1.32,-0.42,0.79,-0.56
1627749,Dejounte Murray,pg_pos,29.7,0.4,0.38,0.01,0.64,0.43,0.3,-0.07
202681,Kyrie Irving,sg_pos,34.2,0.39,0.94,-0.54,0.34,-0.42,1.03,-0.55
1628381,John Collins,pf_pos,28.7,0.33,-0.16,0.49,0.16,0.82,-0.25,0.43
1641710,Anthony Black,sg_pos,22.4,0.32,-0.68,1,-0.72,1.84,-0.64,0.53
1627739,Kris Dunn,pg_pos,32.2,0.31,-0.95,1.25,-1.57,1.04,-0.69,1.31
201950,Jrue Holiday,pg_pos,36.0,0.3,0.54,-0.24,-0.04,-0.5,0.61,-0.22
1631094,Paolo Banchero,pf_pos,23.6,0.29,0.82,-0.53,0.94,-1.49,0.77,-0.25
1630573,Sam Hauser,sf_pos,28.5,0.29,0.57,-0.28,0.79,-0.78,0.42,-0.08
1630183,Jaden McDaniels,sf_pos,25.7,0.28,-0.55,0.83,-0.94,0.65,-0.42,0.87
203110,Draymond Green,pf_pos,36.3,0.27,-1.89,2.16,-1.34,1.73,-1.97,2.2
1630631,Jose Alvarado,pg_pos,28.1,0.27,-0.36,0.63,-0.52,-0.17,-0.24,1
1642866,Joan Beringer,c_pos,19.5,0.26,-0.24,0.5,-0.17,0.6,-1.15,-0.33
1630198,Isaiah Joe,sg_pos,26.9,0.25,0.88,-0.63,1.07,-0.95,0.76,-0.51
1629632,Coby White,pg_pos,26.3,0.22,1.45,-1.23,2.26,-1.22,1.16,-1.23
1629675,Naz Reid,pf_pos,26.8,0.21,-0.39,0.6,-0.31,0.05,-0.42,0.74
1630182,Josh Green,sg_pos,25.5,0.19,-0.53,0.72,-0.98,0.33,-0.26,0.87
1629028,Deandre Ayton,c_pos,27.9,0.17,-1.05,1.22,-0.87,1.58,-1.11,1.16
1642857,Kasparas Jakučionis,pg_pos,19.9,0.17,-0.22,0.39,-0.21,0.53,-0.28,-0.01
1630581,Josh Giddey,sf_pos,23.7,0.15,0.66,-0.5,0.67,0.14,0.65,-0.68
1628970,Miles Bridges,sf_pos,28.2,0.14,0.86,-0.72,-0.32,-0.48,1.23,-0.76
1630590,Scotty Pippen Jr.,pg_pos,25.6,0.12,-0.36,0.48,-0.11,1.32,-0.82,-0.42
1629006,Josh Okogie,sg_pos,27.8,0.11,-1.36,1.46,-1.63,1.05,-1.22,1.59
1631119,Jaylin Williams,pf_pos,23.9,0.09,-0.41,0.5,-0.44,0.17,-0.39,0.71
1629637,Jaxson Hayes,c_pos,26.0,0.07,-0.94,1.01,-0.9,0.63,-0.96,1.15
1630530,Trey Murphy III,sf_pos,26.0,0.07,0.96,-0.88,1.38,-0.36,0.74,-1.04
1630241,Sam Merrill,sg_pos,30.1,0.06,0.82,-0.75,1.05,-0.46,0.58,-0.93
1642266,Ja'Kobe Walter,sg_pos,21.7,0.06,-0.24,0.3,0.18,0.45,-0.97,0.13
1631321,Sidy Cissoko,sg_pos,22.2,0.06,-1.05,1.11,-0.88,1.31,-1.53,0.78
1629646,Charles Bassey,c_pos,25.6,0.05,-0.75,0.8,-0.57,1.26,-1.36,-0.14
1631101,Shaedon Sharpe,sg_pos,23.0,0.03,1.08,-1.05,1.1,-1.21,1.07,-0.98
1642851,Kon Knueppel,sg_pos,20.7,0.03,0.89,-0.86,0.42,-1.12,1.77,-0.56
1641744,Zach Edey,c_pos,24.1,0.03,-1.33,1.36,-1.41,0.94,-1.12,1.99
1630224,Jalen Green,sg_pos,24.3,0.02,1.07,-1.05,1.32,-0.97,0.96,-1.07
1642263,Reed Sheppard,pg_pos,21.9,0.02,-0.26,0.28,-0.11,0.53,-0.51,0.03
1628380,Zach Collins,c_pos,28.5,0.01,-1.22,1.22,-1.16,1.36,-1.26,1.17
1631323,Simone Fontecchio,sf_pos,30.5,0,0.22,-0.22,0.52,-0.3,-0.08,-0.17
1631095,Jabari Smith Jr.,pf_pos,23.1,-0.02,-0.18,0.16,-0.52,-0.36,-0.01,0.32
1626167,Myles Turner,c_pos,30.2,-0.03,-0.92,0.89,-0.39,1.69,-1.04,0.79
1642276,Kel'el Ware,c_pos,22.1,-0.05,0.31,-0.35,0.66,0.12,-0.21,-0.77
1627780,Gary Payton II,sg_pos,33.5,-0.06,-0.2,0.14,0.03,0.37,-0.39,0.03
1630314,Brandon Williams,pg_pos,26.5,-0.06,0.34,-0.4,0.41,-0.69,0.2,-0.09
1641765,Olivier-Maxence Prosper,sf_pos,23.9,-0.07,0.19,-0.26,0.4,0.11,-0.34,-0.82
1629026,Kenrich Williams,sf_pos,31.5,-0.08,-0.55,0.48,-0.43,0.3,-0.62,0.54
1630643,Jay Huff,c_pos,27.8,-0.08,-0.63,0.55,-0.34,1.02,-1.16,0.06
1630174,Aaron Nesmith,sg_pos,26.6,-0.09,0.01,-0.1,-0.8,-0.45,0.45,0.02
1641757,Jordan Miller,sg_pos,26.4,-0.09,0.42,-0.51,0.91,-0.2,-0.93,-1.02
1642843,Cooper Flagg,sf_pos,19.3,-0.13,0.55,-0.68,0.96,-0.47,-0.27,-0.94
1630538,Nah'Shon Hyland,pg_pos,25.7,-0.13,0.03,-0.16,-0.09,-0.56,0.15,0.09
1629655,Daniel Gafford,c_pos,27.7,-0.14,-0.8,0.66,-0.1,0.41,-1.16,0.74
1642504,Cormac Ryan,sg_pos,27.5,-0.16,0.04,-0.2,0.07,-0.17,-0.63,-0.58
1630543,Isaiah Jackson,c_pos,24.4,-0.16,-0.72,0.55,-0.66,0.63,-0.8,0.49
1630558,Davion Mitchell,pg_pos,27.7,-0.18,-0.25,0.07,0.12,-0.77,-0.45,0.33
1629622,Max Strus,sg_pos,30.2,-0.19,0.28,-0.47,0.47,-0.38,0.19,-0.49
1631131,Oscar Tshiebwe,c_pos,26.5,-0.19,0.1,-0.29,0.17,-0.34,-0.34,-0.08
1629312,Haywood Highsmith,sg_pos,29.5,-0.2,-0.82,0.62,-0.68,0.71,-0.96,0.57
1628415,Dillon Brooks,sg_pos,30.4,-0.21,0.76,-0.97,0.55,-1.1,0.81,-0.95
1626162,Kelly Oubre Jr.,sf_pos,30.5,-0.21,-0.04,-0.17,0.13,-0.01,-0.09,-0.19
1629614,Andrew Nembhard,pg_pos,26.4,-0.21,0.51,-0.72,1.37,-0.94,0.04,-0.65
1628989,Kevin Huerter,sg_pos,27.8,-0.22,-0.43,0.21,0,0.12,-0.56,0.23
1631099,Keegan Murray,sf_pos,25.8,-0.22,-0.34,0.12,-0.8,-0.67,-0.08,0.38
1630583,Santi Aldama,pf_pos,25.4,-0.23,0.29,-0.52,0.81,-0.03,-0.08,-0.72
1641740,Jaylen Clark,sg_pos,24.6,-0.24,-0.82,0.58,-0.9,0.54,-0.58,0.66
1629640,Keldon Johnson,pf_pos,26.7,-0.24,0.12,-0.36,0.09,-1.39,0.13,-0.13
1642346,Ryan Dunn,pf_pos,23.4,-0.24,-1.03,0.79,-0.97,0.37,-1.15,1.24
1642907,Cedric Coward,sg_pos,22.6,-0.25,0.7,-0.95,0.56,-1.2,1.12,-0.5
1631230,Dominick Barlow,pf_pos,23.0,-0.25,-1.07,0.82,-1.25,0.52,-0.79,1.1
1630200,Tre Jones,pg_pos,26.4,-0.25,0.61,-0.86,1.92,-1.64,-0.15,-0.59
1642269,Devin Carter,pg_pos,24.2,-0.26,-0.45,0.19,-0.56,0.22,0.01,0.13
1630167,Obi Toppin,pf_pos,28.3,-0.27,0.9,-1.17,2.04,-0.91,0.19,-1.27
1626172,Kevon Looney,c_pos,30.3,-0.28,-1.44,1.16,-1.36,1.88,-1.46,0.99
1629012,Collin Sexton,pg_pos,27.4,-0.3,0.47,-0.77,0.74,-1.36,0.38,-0.64
1629723,John Konchar,sg_pos,30.2,-0.3,-1.75,1.44,-1.34,1.56,-2.04,1.39
1630695,Micah Potter,c_pos,28.2,-0.32,0.24,-0.56,0.49,-0.9,-0.39,-0.05
1642352,Keshad Johnson,sf_pos,24.9,-0.36,-0.47,0.11,-0.48,0.1,-0.39,0.15
1641842,Ronald Holland II,pf_pos,20.9,-0.36,-1.29,0.93,-0.97,1.24,-1.83,0.61
1642914,Javon Small,pg_pos,23.3,-0.39,-0.09,-0.3,-0.02,-0.13,-0.51,-0.93
1641771,Jalen Slawson,sg_pos,26.5,-0.4,-1.22,0.82,-1.22,0.91,-1.22,-0.03
1631260,A.J. Green,sg_pos,26.7,-0.4,0.12,-0.52,-0.16,-1.29,0.38,-0.07
203081,Damian Lillard,pg_pos,35.9,-0.41,0.27,-0.68,0.04,-0.54,0.3,-0.69
1631245,Quenton Jackson,pg_pos,27.7,-0.42,0.11,-0.53,0.18,-0.72,-0.13,-0.14
1641707,Taylor Hendricks,sf_pos,22.5,-0.43,-0.4,-0.02,-0.33,0.31,-0.58,-0.49
1630180,Saddiq Bey,sf_pos,27.2,-0.44,0.53,-0.96,0.9,-0.82,0.36,-1
1641737,Adem Bona,c_pos,23.2,-0.44,-1.57,1.13,-1.75,1.49,-1.19,0.67
1631111,Wendell Moore Jr.,sg_pos,24.7,-0.47,-0.69,0.22,-0.67,0.19,-0.8,0.33
1628379,Luke Kennard,sg_pos,29.9,-0.47,0.09,-0.56,1.16,0.13,-0.3,-0.71
204456,T.J. McConnell,pg_pos,34.2,-0.47,-0.16,-0.32,0.71,0.26,-0.4,-0.41
1642364,Jamir Watkins,sf_pos,24.8,-0.48,-0.93,0.45,-0.88,0.48,-1.14,0.37
1630173,Precious Achiuwa,pf_pos,26.7,-0.48,-0.43,-0.05,0.01,-0.47,-0.69,0.1
1631170,Jaime Jaquez Jr.,sg_pos,25.3,-0.48,0.12,-0.6,0.29,-0.75,-0.02,-0.53
1642845,VJ Edgecombe,sg_pos,20.8,-0.48,-0.25,-0.24,-0.67,-0.55,0.44,0.06
203952,Andrew Wiggins,sg_pos,31.3,-0.49,-0.4,-0.09,0.12,0.41,-0.48,-0.14
1642347,Jamal Shead,pg_pos,23.9,-0.49,-0.68,0.19,-0.93,-0.41,-0.33,0.68
1642928,Dylan Cardwell,c_pos,24.3,-0.49,-1.94,1.45,-1.84,1.49,-2.5,1.32
1642852,Derik Queen,c_pos,21.3,-0.51,-0.92,0.41,-0.55,1.37,-1.8,-0.97
1641729,Brice Sensabaugh,sf_pos,22.6,-0.51,0.9,-1.41,1.64,-1.11,-0.04,-1.63
1630598,Aaron Wiggins,sg_pos,27.4,-0.53,-0.74,0.21,-1.15,-0.53,-0.48,0.49
203994,Jusuf Nurkic,c_pos,31.8,-0.55,-2.16,1.61,-1.91,3.12,-2.24,1.34
203924,Jerami Grant,sf_pos,32.2,-0.55,-0.39,-0.16,0.07,-0.45,-0.49,-0.13
1642854,Asa Newell,pf_pos,20.6,-0.56,-0.79,0.23,-0.75,0.33,-1.11,-0.35
1631110,Jeremy Sochan,pf_pos,23.0,-0.57,-0.81,0.24,0.06,0.33,-1.57,0.19
1642954,Will Richard,sg_pos,23.3,-0.58,-0.7,0.12,-0.53,0.22,-1.28,-0.07
1642366,Quinten Post,pf_pos,26.2,-0.58,-0.62,0.05,-0.57,-0.17,-0.75,0.36
203944,Julius Randle,pf_pos,31.5,-0.58,0.04,-0.62,-0.4,-1.48,0.12,-0.52
1642285,Cam Spencer,pg_pos,26.2,-0.58,0.37,-0.96,0.54,-1.14,-0.04,-0.69
1630245,Ayo Dosunmu,pg_pos,26.4,-0.59,0.15,-0.74,1.09,-0.61,-0.3,-0.78
1631207,Dalen Terry,sg_pos,23.9,-0.6,-1.51,0.91,-1.69,1.01,-1.17,0.79
1629004,Svi Mykhailiuk,sg_pos,29.0,-0.6,0.52,-1.12,0.79,-2.13,0.32,-0.68
1630696,Dru Smith,pg_pos,28.4,-0.61,-1.33,0.72,-1.01,1.01,-2.2,0.22
1630249,Vit Krejci,sg_pos,26.0,-0.61,-0.72,0.1,-0.7,-0.14,-0.74,0.28
1641713,GG Jackson,sf_pos,21.5,-0.62,0.27,-0.89,0.42,-1.01,0.02,-0.78
1629652,Luguentz Dort,sg_pos,27.1,-0.63,-1.28,0.65,-2.16,-0.1,-0.98,0.8
1629111,Jock Landale,c_pos,30.6,-0.67,-0.66,-0.01,-0.3,0.47,-1.05,-0.33
1631222,Jake LaRavia,sf_pos,24.6,-0.67,-1.68,1,-1.96,1.5,-1.39,0.7
1641796,Pelle Larsson,sg_pos,25.3,-0.69,-0.37,-0.31,-0.37,-0.39,-0.39,-0.24
1631133,Jabari Walker,pf_pos,23.8,-0.7,-0.7,0,-1.05,-0.68,-0.26,0.52
1631248,Baylor Scheierman,sg_pos,25.7,-0.7,-0.62,-0.09,-0.57,-0.35,-0.74,0.33
1642277,Johnny Furphy,sf_pos,21.5,-0.71,-1.38,0.68,-1.55,0.62,-0.61,0.82
1641772,Nae'Qwan Tomlin,sf_pos,25.5,-0.72,-0.73,0.01,-0.6,-0.17,-1.3,0.49
1627734,Domantas Sabonis,c_pos,30.1,-0.72,-0.2,-0.53,-0.67,0.02,-0.09,-0.6
1642066,Myron Gardner,sg_pos,24.9,-0.73,-0.91,0.18,-0.91,0.15,-0.85,0.37
1628418,Thomas Bryant,c_pos,28.8,-0.73,-0.64,-0.09,-0.38,0.23,-0.81,-0.23
1642864,Hugo González,sg_pos,20.2,-0.74,-1.82,1.08,-2.08,0.96,-0.64,1.43
1641747,DaRon Holmes II,pf_pos,23.8,-0.76,-0.48,-0.29,-0.46,-0.3,-0.79,-0.15
1628370,Malik Monk,pg_pos,28.3,-0.77,0.27,-1.03,0.58,-0.97,0.15,-1.04
1641854,Craig Porter,pg_pos,26.3,-0.78,-1.74,0.96,-1.93,1.17,-1.35,0.7
1642847,Jeremiah Fears,pg_pos,19.5,-0.79,-0.02,-0.77,0.08,-0.36,-0.25,-1.34
1631212,Peyton Watson,sg_pos,23.7,-0.81,-0.55,-0.25,-0.81,0.13,-0.31,-0.47
1630533,Ziaire Williams,sf_pos,24.7,-0.81,-1.34,0.53,-0.61,1,-1.93,0.3
203914,Gary Harris,sg_pos,31.7,-0.82,-1.42,0.61,-1.06,0.88,-1.52,0.56
203501,Tim Hardaway Jr.,sg_pos,34.2,-0.82,0.55,-1.37,0.13,-1.52,0.63,-1.35
1641824,Matas Buzelis,pf_pos,21.6,-0.82,-0.16,-0.67,0.26,-0.67,-0.68,-0.67
203992,Bogdan Bogdanovic,sg_pos,33.8,-0.83,-0.8,-0.03,-1.52,-0.47,-0.58,0.05
1627741,Buddy Hield,sg_pos,33.5,-0.84,-0.56,-0.28,0.8,0.34,-0.87,-0.36
1630619,Moussa Cisse,c_pos,23.6,-0.85,-1.82,0.97,-1.86,1.04,-1.48,0.57
1642869,Noah Penda,sg_pos,21.3,-0.86,-1.18,0.32,-1.12,0.53,-1.58,-0.47
1628975,Jevon Carter,pg_pos,30.7,-0.86,-0.95,0.09,-1.51,-0.15,-0.58,0.19
1630703,Scoot Henderson,pg_pos,22.3,-0.86,-0.27,-0.59,-0.51,-0.92,-0.01,-0.37
1631255,Karlo Matkovic,pf_pos,25.2,-0.86,-1.12,0.25,-1.25,-0.02,-0.73,0.71
1642382,Branden Carlson,c_pos,27.0,-0.87,-0.95,0.08,-0.83,0.31,-1.77,-0.81
1641725,Trey Alexander,sg_pos,23.1,-0.91,-1.19,0.27,-1.15,0.36,-1.84,-0.87
1642949,Yanic Konan Niederhäuser,c_pos,23.1,-0.91,-1.68,0.77,-1.68,0.89,-1.64,-0.07
1642274,Yves Missi,c_pos,22.1,-0.92,-1.72,0.8,-1.91,1.28,-1.42,0.36
1630214,Xavier Tillman,pf_pos,27.4,-0.92,-2.31,1.39,-2.3,1.99,-2.31,1.02
1642377,Jaylen Wells,sg_pos,22.8,-0.92,0.03,-0.95,-0.02,-1.13,0.1,-0.83
1642863,Khaman Maluach,c_pos,19.6,-0.92,-2.69,1.76,-2.71,1.9,-2.44,0.85
1642278,Tyler Kolek,pg_pos,25.2,-0.93,-0.49,-0.44,-0.33,-0.75,-1.21,0.38
1626171,Bobby Portis,pf_pos,31.3,-0.93,-0.09,-0.84,-0.08,-0.52,-0.09,-0.9
1631159,Leonard Miller,pf_pos,22.5,-0.95,-0.12,-0.82,-0.07,-0.88,-0.44,-0.64
1630604,E.J. Liddell,sf_pos,25.5,-0.95,-1.03,0.08,-1.09,0.08,-0.45,0.09
1641783,Tristan da Silva,sf_pos,25.1,-0.96,-0.86,-0.1,-1.13,-0.69,-0.48,0.38
201572,Brook Lopez,c_pos,38.2,-0.96,-2.11,1.15,-1.36,0.18,-2.21,1.22
1643024,Chris Mañon,sg_pos,24.3,-0.96,-1.62,0.66,-1.62,0.67,-1.9,-0.19
1641763,Julian Phillips,sf_pos,22.6,-0.97,-0.57,-0.4,-0.73,-0.58,-0.16,-0.14
1631199,Ron Harper Jr.,sf_pos,26.1,-0.97,-0.24,-0.73,-0.17,-0.78,-1.22,-0.33
1643052,Chaney Johnson,sg_pos,23.8,-0.98,-1.24,0.26,-1.21,0.33,-1.74,-0.37
1642367,Jonathan Mogbo,c_pos,24.6,-0.98,-2.1,1.12,-1.96,1.61,-2.55,0.21
1641738,Kobe Brown,pf_pos,26.4,-0.98,-0.15,-0.84,0.08,-0.68,-0.8,-1.13
203484,Kentavious Caldwell-Pope,sg_pos,33.3,-0.98,-0.89,-0.1,-1.03,-0.5,-0.87,-0.06
1641869,Malachi Smith,sg_pos,26.3,-0.98,-0.61,-0.37,-0.55,-0.36,-1.54,-0.49
1631120,JD Davison,pg_pos,23.7,-0.99,-1.71,0.72,-1.69,0.87,-1.86,-0.38
1642449,Tolu Smith,c_pos,25.9,-1,-1.39,0.4,-1.39,0.42,-1.6,0.09
1631288,Jamal Cain,sg_pos,27.2,-1,-0.24,-0.77,-0.1,-1.03,-0.63,-0.29
1631109,Mark Williams,c_pos,24.5,-1.01,-0.38,-0.64,0.47,-0.59,-1.42,-0.67
1642856,Egor Dëmin,sg_pos,20.1,-1.01,-0.61,-0.41,-0.54,-0.27,-0.85,-0.72
1631123,Jamaree Bouyea,pg_pos,26.9,-1.03,-1.38,0.35,-1.39,0.41,-1.29,0.13
1629023,P.J. Washington,pf_pos,27.8,-1.04,-1.23,0.18,-1.81,-0.3,-1.03,0.28
1641810,Antonio Reeves,sg_pos,23.5,-1.05,-0.53,-0.52,-0.62,-0.66,0.09,0.05
1627827,Dorian Finney-Smith,sf_pos,33.1,-1.06,-1.9,0.84,-1.77,0,-1.94,0.98
1641718,Keyonte George,pg_pos,22.6,-1.07,0.87,-1.94,1.11,-1.61,0.66,-2.1
1642530,Yuki Kawamura,pg_pos,25.1,-1.07,-0.81,-0.26,-0.86,-0.27,-0.06,-0.24
1642273,Kyshawn George,sg_pos,22.5,-1.08,-0.94,-0.14,-0.9,0.35,-1.01,-0.57
1629060,Rui Hachimura,sf_pos,28.3,-1.08,-0.44,-0.64,-0.44,-1.43,-0.45,-0.46
1642920,Kobe Sanders,sg_pos,23.9,-1.09,-0.89,-0.2,-0.79,-0.02,-1.26,-0.61
1642850,Thomas Sorber,c_pos,20.4,-1.09,-1.02,-0.07,-1.02,-0.07,-1.52,-0.59
1641731,Bilal Coulibaly,sg_pos,21.9,-1.1,-1,-0.1,-0.91,1.19,-1.08,-0.81
203083,Andre Drummond,c_pos,32.8,-1.1,-2.45,1.34,-1.14,2.84,-2.7,1.17
203648,Thanasis Antetokounmpo,c_pos,33.7,-1.12,-2.64,1.52,-2.2,1.76,-3.87,1.13
201143,Al Horford,pf_pos,40.0,-1.13,-1.5,0.37,-0.46,0.01,-1.62,0.4
1642461,Spencer Jones,sf_pos,25.0,-1.14,-1.54,0.4,-1.44,0.98,-1.83,-0.61
1642933,Keshon Gilbert,sg_pos,22.8,-1.14,-1.92,0.78,-1.92,0.81,-2.07,-1.01
1642396,Blake Hinson,sf_pos,26.3,-1.15,0.05,-1.21,0.12,-1.31,-1.1,-0.12
1628988,Aaron Holiday,sg_pos,29.7,-1.17,-0.89,-0.28,-1.29,-0.74,-0.65,-0.12
1642877,Micah Peavy,sg_pos,24.7,-1.17,-1.57,0.4,-1.64,0.38,-1.18,0.46
1628396,Tony Bradley,c_pos,28.4,-1.17,-1.94,0.77,-2.36,0.4,-1.18,1.16
1642261,Dalton Knecht,sf_pos,25.1,-1.18,-0.09,-1.09,0.6,-1.03,-1.75,-1.17
1626156,D'Angelo Russell,pg_pos,30.3,-1.2,-0.8,-0.4,-0.77,-0.53,-0.8,-0.38
1642357,David Jones,sg_pos,24.5,-1.2,-0.96,-0.24,-0.95,-0.25,-1.14,-0.08
1630699,MarJon Beauchamp,sg_pos,25.6,-1.2,-0.79,-0.42,-0.81,-0.58,-0.7,-0.13
1630828,Alex Antetokounmpo,sf_pos,24.6,-1.21,-0.91,-0.3,-0.91,-0.3,-1.76,-0.46
1628963,Marvin Bagley III,pf_pos,27.2,-1.21,-1.14,-0.08,-1.11,-0.24,-1.15,-0.02
1629021,Moritz Wagner,pf_pos,29.1,-1.21,-0.51,-0.7,0.24,-1.04,-1.06,-0.56
1629656,Quentin Grimes,sg_pos,26.1,-1.21,-0.39,-0.82,-0.05,-0.71,-0.59,-0.86
202691,Klay Thompson,sg_pos,36.3,-1.22,-0.49,-0.74,1.05,-1.17,-0.7,-0.7
1628467,Maxi Kleber,pf_pos,34.3,-1.22,-2.69,1.47,-3.11,0.89,-2.51,1.62
1631108,Max Christie,sg_pos,23.3,-1.23,-0.26,-0.97,0.01,-1.63,-0.47,-0.65
1631250,Pete Nance,pf_pos,26.3,-1.24,-1.03,-0.21,-1.18,-0.47,-0.22,0.67
1630171,Isaac Okoro,sg_pos,25.4,-1.24,-0.65,-0.6,-0.57,-1,-0.68,-0.49
1627752,Taurean Prince,sg_pos,32.2,-1.25,-1.09,-0.16,0.05,-0.33,-1.43,-0.13
1642950,Lachlan Olbrich,c_pos,22.3,-1.25,-2.3,1.05,-2.35,1.07,-1.58,0.87
1626220,Royce O'Neale,pf_pos,33.0,-1.25,-1.27,0.02,-0.62,0.25,-1.44,-0.02
1641803,Tristen Newton,sg_pos,25.1,-1.25,-0.77,-0.48,-0.77,-0.48,-0.86,-0.64
1641715,Cam Whitmore,sf_pos,21.9,-1.26,-0.67,-0.59,-0.6,-0.22,-0.85,-1.1
1642348,Justin Edwards,sg_pos,22.5,-1.28,-0.83,-0.45,-0.76,-0.3,-0.98,-0.65
1631204,Marcus Sasser,pg_pos,25.7,-1.29,-0.56,-0.73,-0.81,-1.46,-0.11,0.07
203937,Kyle Anderson,pf_pos,32.7,-1.3,-2.47,1.17,-2.2,0.06,-2.54,1.36
1630228,Jonathan Kuminga,sf_pos,23.7,-1.3,-0.61,-0.69,-0.23,-1.02,-0.87,-0.55
1642911,Rocco Zikarsky,c_pos,19.8,-1.3,-1.5,0.2,-1.5,0.21,-1.39,-0.66
202696,Nikola Vucevic,c_pos,35.6,-1.31,-1.27,-0.04,0.17,0.59,-1.48,-0.1
1629234,Drew Eubanks,c_pos,29.3,-1.32,-1.85,0.53,-1.9,0.38,-1.81,0.6
1642874,Danny Wolf,pf_pos,21.9,-1.34,-1.09,-0.26,-0.77,-0.2,-2.42,-0.4
1630264,Anthony Gill,pf_pos,33.6,-1.36,-1.35,-0.01,-1.4,-0.36,-1.27,0.3
1626145,Tyus Jones,pg_pos,30.1,-1.37,-0.84,-0.53,-0.12,-0.55,-1.06,-0.53
1631107,Nikola Jovic,sf_pos,23.0,-1.38,-1.21,-0.18,-1.37,-0.45,-0.96,0.07
1629599,Amir Coffey,sg_pos,29.0,-1.39,-0.93,-0.45,-0.76,-1.06,-1.06,-0.18
1629631,De'Andre Hunter,sf_pos,28.5,-1.4,-0.62,-0.78,-1.24,-1.19,-0.37,-0.68
1631218,Trayce Jackson-Davis,c_pos,26.3,-1.4,-1.38,-0.01,-1.16,0.1,-1.79,-0.13
1629014,Anfernee Simons,pg_pos,27.0,-1.4,0.31,-1.71,0.93,-1.88,0.05,-1.67
1641767,Ben Sheppard,sg_pos,24.9,-1.4,-0.7,-0.7,-0.52,-0.5,-0.92,-0.84
1642878,Tyrese Proctor,pg_pos,22.1,-1.41,-0.55,-0.86,-0.47,-0.86,-1.19,-0.85
203078,Bradley Beal,sg_pos,32.9,-1.41,-0.55,-0.86,-0.77,-0.23,-0.51,-0.92
1630230,Naji Marshall,sf_pos,28.4,-1.41,-0.6,-0.82,0,-0.95,-0.92,-0.77
203114,Khris Middleton,sf_pos,34.8,-1.42,-0.87,-0.55,-2,-0.91,-0.67,-0.51
1643007,Taelon Peter,sg_pos,24.1,-1.45,-1.32,-0.12,-1.25,-0.05,-2.05,-0.54
1631102,TyTy Washington Jr.,pg_pos,24.6,-1.45,-1.96,0.51,-2.08,0.71,-1.06,-0.34
1641730,Noah Clowney,sf_pos,21.9,-1.47,-0.75,-0.72,-0.47,-0.72,-1.19,-0.72
1642967,John Poulakidas,sg_pos,23.0,-1.48,-1.23,-0.25,-1.2,-0.23,-1.89,-0.45
203552,Seth Curry,sg_pos,35.8,-1.48,-1.01,-0.47,-1.04,-0.52,-1,-0.46
1627824,Guerschon Yabusele,pf_pos,30.5,-1.49,-0.9,-0.59,-0.59,-0.92,-1.34,-0.3
1642272,Jared McCain,sg_pos,22.3,-1.5,-0.23,-1.27,-0.34,-1.69,0.04,-0.66
1631121,Bryce McGowens,sg_pos,23.6,-1.51,-1.22,-0.29,-1.49,-0.15,-0.71,-0.45
1642883,Sion James,sg_pos,23.4,-1.51,-1.54,0.03,-1.85,-0.2,-0.7,0.39
203486,Mason Plumlee,c_pos,36.3,-1.52,-3.18,1.66,-2.4,1.81,-3.37,1.64
1642281,Jaylon Tyson,sg_pos,23.5,-1.52,-0.78,-0.74,-0.95,-0.89,-0.44,-0.56
1630625,Dalano Banton,sg_pos,26.6,-1.53,-1.81,0.27,-2.33,0.5,-1.01,0.07
1631124,Julian Strawther,sg_pos,24.1,-1.53,-0.31,-1.22,-0.07,-0.96,-0.7,-1.49
202685,Jonas Valanciunas,c_pos,34.1,-1.54,-0.9,-0.63,-0.06,0.54,-1.06,-0.77
1642853,Rasheer Fleming,pf_pos,21.8,-1.54,-1.52,-0.02,-1.63,-0.14,-0.73,0.5
1631342,Daeqwon Plowden,sg_pos,27.8,-1.54,-0.29,-1.24,-0.14,-1.25,-1.09,-1.22
1643016,Bez Mbeng,pg_pos,22.9,-1.54,-1.87,0.33,-1.78,0.59,-2.77,-1.23
1631223,David Roddy,sf_pos,25.2,-1.55,-0.77,-0.78,-0.75,-1.07,-0.81,-0.5
1641748,Andre Jackson Jr.,sg_pos,24.6,-1.57,-1.94,0.37,-2.28,0.12,-1.13,0.72
1642862,Liam McNeeley,sg_pos,20.5,-1.57,-0.8,-0.77,-0.8,-0.89,-0.81,0.16
1629162,Jordan McLaughlin,pg_pos,30.2,-1.58,-1.39,-0.19,-0.62,0.13,-2.21,-0.39
1631127,Harrison Ingram,sg_pos,23.5,-1.59,-1.01,-0.58,-1.01,-0.59,-0.9,-0.16
1630570,Trendon Watford,pf_pos,25.6,-1.59,-1.88,0.29,-1.64,0.77,-2.13,-0.02
1642434,Riley Minix,sf_pos,25.7,-1.59,-1.19,-0.41,-1.19,-0.4,-1.04,-0.64
201942,DeMar DeRozan,sg_pos,36.8,-1.6,0.31,-1.91,1.24,-1.38,0.21,-1.94
1642400,Tristan Enaruna,sf_pos,24.8,-1.61,-1.15,-0.46,-1.14,-0.46,-1.42,-0.41
1630165,Killian Hayes,pg_pos,24.9,-1.61,-1.88,0.28,-2.24,0.01,-1.6,0.4
1642918,Alijah Martin,pg_pos,24.3,-1.61,-1.91,0.3,-1.93,0.33,-1.5,-0.36
1630587,Isaiah Livers,sf_pos,27.7,-1.62,-2.05,0.43,-2.26,0.27,-1.62,0.63
201587,Nicolas Batum,pf_pos,37.5,-1.62,-2.36,0.74,-1.61,-0.64,-2.46,0.85
1630256,Jae'Sean Tate,pf_pos,30.6,-1.63,-1.77,0.14,-1.4,-0.02,-2.03,0.21
1641989,Elijah Harkless,pg_pos,26.3,-1.64,-1.85,0.22,-2.08,0.24,-0.31,0.13
1641716,Jarace Walker,pf_pos,22.7,-1.65,-0.85,-0.8,-0.52,-0.37,-1.29,-1.13
1642359,Pacôme Dadiet,sf_pos,20.9,-1.65,-0.48,-1.18,-0.37,-1.25,-2.16,-0.47
1642450,Daniss Jenkins,pg_pos,24.8,-1.66,-0.87,-0.79,-0.88,-1.07,-0.85,-0.33
1631097,Bennedict Mathurin,sg_pos,24.0,-1.66,-0.46,-1.2,-0.28,-1.46,-0.57,-1.11
1629651,Nicolas Claxton,c_pos,27.1,-1.66,-1.58,-0.08,0.21,0.44,-2.44,-0.23
1630536,Sharife Cooper,pg_pos,24.8,-1.68,-0.26,-1.42,-0.08,-1.43,-1.46,-1.39
1642384,Isaiah Crawford,sg_pos,24.6,-1.7,-1.52,-0.18,-1.52,-0.18,-1.51,-0.13
203926,Doug McDermott,sf_pos,34.4,-1.7,-1.18,-0.52,-0.6,-0.32,-1.38,-0.56
201144,Mike Conley,pg_pos,38.6,-1.7,-2.27,0.57,-0.63,0.53,-2.47,0.57
1630679,Ethan Thompson,sg_pos,27.1,-1.71,-1.35,-0.36,-1.47,-0.49,-0.51,0.2
1642875,Maxime Raynaud,c_pos,23.0,-1.71,-1.13,-0.59,-0.92,0.18,-1.64,-1.74
1630644,Mac McClung,pg_pos,26.4,-1.73,-1.68,-0.05,-1.71,0.02,-0.95,-0.91
203903,Jordan Clarkson,sg_pos,34.0,-1.74,-0.8,-0.93,-1.61,-1.21,-0.63,-0.9
1641755,Kevin McCullar Jr.,sg_pos,25.2,-1.74,-1.61,-0.13,-1.59,-0.11,-2.17,-0.52
1630208,Nick Richards,c_pos,28.5,-1.74,-2.28,0.54,-2.61,0.88,-1.97,0.35
1642855,Noa Essengue,pf_pos,19.3,-1.75,-1.42,-0.33,-1.42,-0.33,-1.75,-0.97
1630557,Corey Kispert,sg_pos,27.3,-1.76,-0.31,-1.45,0.44,-1.87,-0.72,-1.31
1642402,Enrique Freeman,sg_pos,25.8,-1.76,-1.54,-0.22,-1.58,-0.26,-0.67,0.38
1642268,Isaiah Collier,pg_pos,21.7,-1.76,-0.8,-0.96,-0.22,-0.45,-1.62,-1.4
1631213,Tyrese Martin,sg_pos,27.2,-1.76,-1.41,-0.35,-1.51,-0.53,-1.18,-0.1
1642959,Chris Youngblood,sg_pos,24.2,-1.77,-1.23,-0.54,-1.19,-0.52,-2.22,-0.86
1642876,Adou Thiero,pf_pos,22.0,-1.77,-1.83,0.05,-1.82,0.06,-1.88,-0.12
201567,Kevin Love,pf_pos,37.7,-1.78,-1.44,-0.34,-1.6,-0.42,-1.41,-0.33
1630702,Jaden Hardy,sg_pos,23.9,-1.78,-0.23,-1.56,-0.29,-1.81,-0.14,-1.35
1630534,Ochai Agbaji,sg_pos,26.1,-1.79,-1.43,-0.36,-1.12,-1.09,-1.7,0.02
1642363,Nique Clifford,sg_pos,24.2,-1.81,-1.62,-0.19,-2.15,-0.32,-0.22,0.01
1642935,Chucky Hepburn,pg_pos,23.2,-1.81,-1.42,-0.4,-1.41,-0.4,-1.85,-0.94
1630545,Terrence Shannon Jr.,sg_pos,25.8,-1.82,-0.38,-1.44,-0.33,-1.56,-0.6,-1.13
1628997,Caleb Martin,sg_pos,30.7,-1.82,-2.38,0.55,-1.82,0.69,-2.67,0.51
1641794,Dillon Jones,pf_pos,24.6,-1.83,-1.71,-0.12,-1.65,-0.03,-2.17,-0.56
1642859,Jase Richardson,pg_pos,20.5,-1.83,-0.71,-1.12,-0.66,-1.27,-1.16,-0.4
1642868,Carter Bryant,pf_pos,20.5,-1.84,-1.75,-0.09,-1.54,0,-2.81,-0.33
1631116,Patrick Baldwin Jr.,pf_pos,23.5,-1.84,-1.78,-0.05,-1.9,-0.06,-1.21,-0.03
201599,DeAndre Jordan,c_pos,37.9,-1.84,-3.39,1.55,-2.65,1.56,-3.51,1.55
1630191,Isaiah Stewart,c_pos,25.0,-1.85,-2.6,0.75,-2.61,1.28,-2.6,0.58
1630574,Ariel Hukporti,c_pos,24.1,-1.85,-2.85,1,-2.83,0.9,-2.98,1.38
1629673,Jordan Poole,sg_pos,27.0,-1.86,-0.49,-1.38,-0.11,-1.48,-0.62,-1.35
1630623,Tyson Etienne,pg_pos,26.7,-1.87,-0.51,-1.36,-0.44,-1.41,-1.18,-1.08
1642259,Alexandre Sarr,c_pos,21.1,-1.92,-0.96,-0.96,-0.72,-0.64,-1.33,-1.25
1641801,Emanuel Miller,sg_pos,26.0,-1.92,-1.43,-0.5,-1.43,-0.49,-1.38,-0.68
1641711,Gradey Dick,sg_pos,22.5,-1.93,-1.6,-0.32,-1.95,-0.43,-1.18,-0.25
1626204,Larry Nance Jr.,pf_pos,33.4,-1.93,-2.84,0.91,-1.29,0.97,-3.39,0.89
1643018,LJ Cryer,pg_pos,24.5,-1.97,-0.7,-1.26,-0.68,-1.32,-1.08,-0.65
1631466,Jeenathan Williams,sg_pos,27.3,-1.97,-1.03,-0.94,-1.05,-0.92,-0.92,-1.02
1630579,Jericho Sims,c_pos,27.6,-1.98,-2.17,0.19,-2.32,0.23,-1.98,0.16
1642880,Kam Jones,pg_pos,24.1,-1.99,-1.39,-0.6,-1.29,-0.62,-2.15,-0.49
1630322,Lindy Waters III,sg_pos,28.9,-1.99,-1.5,-0.5,-1.05,-0.46,-2.4,-0.54
1642860,Will Riley,sf_pos,20.2,-2,-0.64,-1.36,-0.45,-0.81,-1.21,-2.32
1630639,AJ Lawson,sg_pos,25.9,-2.01,-1.69,-0.32,-1.72,-0.24,-1.6,-0.5
1642354,KJ Simpson,pg_pos,23.8,-2.02,-2.05,0.02,-2.18,0.09,-1.44,-0.16
1630311,Pat Spencer,pg_pos,29.9,-2.03,-1.42,-0.61,-1.7,-0.76,-0.52,-0.33
1630592,Jalen Wilson,sg_pos,25.6,-2.04,-1.4,-0.64,-1.81,-1.57,-0.82,0.15
1629216,Gabe Vincent,sg_pos,30.0,-2.04,-1.36,-0.68,-1.73,-0.23,-1.14,-0.85
1642502,Malevy Leons,pf_pos,26.7,-2.05,-2.09,0.04,-2.09,0.13,-2.13,-0.87
1642275,Tidjane Salaün,sf_pos,20.8,-2.06,-1.26,-0.79,-1.22,-0.94,-1.39,-0.55
203482,Kelly Olynyk,c_pos,35.1,-2.06,-2.85,0.78,-0.14,1.17,-3.54,0.72
1630846,Olivier Sarr,c_pos,27.2,-2.08,-2.56,0.48,-2.71,0.56,-1.45,0.16
1642419,Jamison Battle,sf_pos,25.1,-2.09,-1.22,-0.87,-1.23,-1.37,-1.17,0.02
1626192,Pat Connaughton,sg_pos,33.4,-2.11,-1.97,-0.13,-0.32,-0.33,-2.57,-0.09
1631211,Trevor Keels,sg_pos,22.6,-2.12,-1.38,-0.74,-1.38,-0.74,-1.64,-0.59
1641790,PJ Hall,c_pos,24.3,-2.14,-1.89,-0.25,-1.89,-0.16,-1.94,-1.15
203471,Dennis Schroder,pg_pos,32.7,-2.14,-0.9,-1.24,-0.96,-0.59,-0.89,-1.31
1642948,Ryan Nembhard,pg_pos,23.1,-2.16,-1.25,-0.91,-1.23,-1.06,-1.37,-0.53
1642910,John Tonje,sg_pos,25.0,-2.17,-1.92,-0.25,-1.92,-0.25,-1.41,-0.88
1629018,Gary Trent Jr.,sg_pos,27.4,-2.17,-0.48,-1.69,-0.12,-1.61,-0.61,-1.71
1641807,Norchad Omier,sf_pos,24.6,-2.19,-1.58,-0.62,-1.58,-0.61,-1.85,-1.18
1641787,Tosan Evbuomwan,sg_pos,25.3,-2.2,-1.95,-0.25,-2.06,-0.19,-1.41,-0.43
1643257,Jayson Kent,sg_pos,24.2,-2.2,-1.8,-0.4,-1.8,-0.4,-1.92,-0.69
1642846,Ace Bailey,sg_pos,19.7,-2.2,-0.56,-1.64,-0.28,-1.29,-1.25,-2.13
1642938,Curtis Jones,pg_pos,24.5,-2.21,-1.72,-0.49,-1.72,-0.49,-1.51,-0.56
1642258,Zaccharie Risacher,sf_pos,21.2,-2.23,-1.7,-0.53,-1.89,-0.39,-1.44,-0.64
1642355,Bronny James,pg_pos,21.7,-2.27,-1.77,-0.5,-1.78,-0.47,-1.63,-0.64
1629611,Terance Mann,sg_pos,29.6,-2.27,-1.71,-0.56,-1.86,-0.59,-1.65,-0.55
203897,Zach LaVine,sg_pos,31.2,-2.31,-0.18,-2.13,1.1,-2.12,-0.45,-2.13
1642260,Nikola Topić,pg_pos,20.8,-2.31,-1.64,-0.66,-1.64,-0.68,-1.71,-0.39
1630192,Zeke Nnaji,pf_pos,25.4,-2.32,-2.51,0.19,-2.33,0.7,-2.76,-0.21
1630811,Keaton Wallace,pg_pos,27.3,-2.33,-1.79,-0.54,-1.69,-0.55,-2.26,-0.53
1642886,Koby Brea,sg_pos,23.4,-2.35,-1.31,-1.05,-1.3,-1.05,-1.65,-0.77
1641733,Nick Smith Jr.,pg_pos,22.1,-2.36,-0.58,-1.77,-0.46,-2.07,-0.83,-1.42
1642849,Nolan Traore,pg_pos,19.9,-2.39,-1.89,-0.5,-1.96,-0.05,-1.6,-1.6
1642484,RayJ Dennis,pg_pos,25.2,-2.4,-2.15,-0.24,-2.21,-0.18,-1.28,-0.87
1631132,Christian Koloko,c_pos,26.0,-2.4,-3.38,0.98,-3.69,1.22,-2.38,0.5
1641724,Jett Howard,sg_pos,22.7,-2.4,-1.04,-1.36,-0.91,-1.24,-1.48,-1.6
1629618,Jalen Pickett,pg_pos,26.6,-2.42,-1.38,-1.04,-1.3,-1.07,-1.6,-0.99
1641815,Isaiah Stevens,pg_pos,25.6,-2.42,-2.24,-0.18,-2.25,-0.18,-0.99,-0.19
1642917,Max Shulga,sg_pos,23.9,-2.42,-1.79,-0.63,-1.79,-0.63,-1.84,-0.72
1642389,Zyon Pullin,pg_pos,25.3,-2.45,-1.66,-0.78,-1.66,-0.78,-1.78,-0.76
201566,Russell Westbrook,pg_pos,37.6,-2.47,-0.92,-1.55,-1.03,-0.2,-0.91,-1.64
1631166,Drew Timme,pf_pos,25.7,-2.5,-2.12,-0.38,-2.17,-0.31,-1.55,-0.82
1642882,Julian Reese,c_pos,22.8,-2.53,-2.46,-0.07,-2.47,0.04,-2.29,-0.92
1642353,Cam Christie,sg_pos,20.9,-2.54,-2.13,-0.41,-2.21,-0.46,-1.42,-0.13
201959,Taj Gibson,c_pos,40.9,-2.54,-4.04,1.5,-3.6,0.38,-4.13,1.64
202066,Garrett Temple,pg_pos,40.1,-2.58,-3.46,0.88,-2.22,2.02,-3.85,0.66
1642942,Jahmai Mashack,sg_pos,23.4,-2.58,-2.32,-0.26,-2.3,-0.04,-2.43,-1.24
1643060,Hayden Gray,sg_pos,22.9,-2.61,-2.09,-0.52,-2.1,-0.47,-1.95,-0.95
1631104,Blake Wesley,pg_pos,23.2,-2.62,-2.39,-0.23,-2.46,-0.19,-2.25,-0.27
1627747,Caris LeVert,sg_pos,31.8,-2.62,-2.68,0.06,-2.02,0.14,-2.87,0.05
1642383,Walter Clayton Jr.,pg_pos,23.1,-2.63,-1.47,-1.16,-1.7,-0.78,-0.72,-1.93
1630621,Hunter Dickinson,c_pos,25.4,-2.64,-2.55,-0.09,-2.56,-0.09,-2.03,-0.65
1642964,Brooks Barnhizer,sg_pos,24.1,-2.65,-2.32,-0.33,-2.28,-0.23,-2.9,-1.23
1641890,Tyler Smith,pf_pos,21.6,-2.66,-1.52,-1.14,-1.54,-1.2,-1.19,-0.6
1630172,Patrick Williams,sf_pos,24.8,-2.7,-2.23,-0.47,-2.26,-0.64,-2.22,-0.41
1641712,Rayan Rupert,sg_pos,22.0,-2.73,-2.12,-0.62,-2.15,-0.26,-2.03,-1.09
1631457,Alex Morales,sg_pos,28.4,-2.75,-2.02,-0.73,-2.02,-0.74,-1.22,-0.21
1641780,Johni Broome,pf_pos,23.8,-2.78,-2.56,-0.21,-2.57,-0.21,-1.77,-0.3
1642443,Jahmir Young,pg_pos,25.7,-2.79,-1.75,-1.04,-1.76,-1.04,-1.24,-1.08
1642873,Amari Williams,c_pos,24.3,-2.79,-2.8,0,-2.81,0.02,-2.48,-0.23
1642885,Mohamed Diawara,pf_pos,21.1,-2.81,-1.97,-0.84,-2.03,-0.97,-1.5,-0.22
1628971,Bruce Brown,sg_pos,29.8,-2.81,-2.22,-0.59,-1.51,0.31,-2.46,-0.77
1642265,Rob Dillingham,pg_pos,21.4,-2.83,-2.14,-0.68,-2.26,-0.54,-1.78,-0.95
1630544,Tre Mann,pg_pos,25.3,-2.83,-2.02,-0.81,-1.34,-0.35,-2.76,-1.1
1641778,Leaky Black,sf_pos,26.8,-2.84,-2.37,-0.47,-2.47,-0.54,-1.68,-0.18
1642905,Yang Hansen,c_pos,20.8,-2.84,-2.88,0.04,-2.87,0.1,-3.07,-0.48
1642490,Josh Oduro,pf_pos,25.5,-2.87,-2.42,-0.46,-2.43,-0.45,-1.67,-0.82
204060,Joe Ingles,sf_pos,38.7,-2.88,-2.93,0.05,-1.47,-0.26,-3.31,0.1
1628398,Kyle Kuzma,pf_pos,30.9,-2.88,-1.42,-1.46,-0.42,-1.19,-1.67,-1.5
1642884,Vladislav Goldin,c_pos,24.9,-2.88,-2.71,-0.17,-2.71,-0.17,-2.29,-0.27
1631338,Mouhamadou Gueye,pf_pos,27.8,-2.9,-2.92,0.01,-2.93,0.04,-2.41,-0.43
1642951,Sean Pedulla,pg_pos,23.5,-2.91,-1.49,-1.42,-1.49,-1.42,-1.97,-1.3
1642404,Chaz Lanier,sg_pos,24.4,-2.98,-1.72,-1.27,-1.72,-1.33,-1.67,-0.51
1642262,Cody Williams,sg_pos,21.5,-3,-2.25,-0.76,-2.42,-0.86,-1.95,-0.65
1642362,Payton Sandfort,sg_pos,23.8,-3.01,-2.33,-0.68,-2.33,-0.68,-2.08,-1.08
1642267,Carlton Carrington,pg_pos,20.9,-3.03,-1.41,-1.61,-1.08,-1.25,-1.75,-1.83
1642848,Tre Johnson,sg_pos,20.1,-3.05,-1.29,-1.76,-1.23,-1.55,-1.5,-2.16
1643047,CJ Huntley,pf_pos,24.3,-3.05,-2.42,-0.64,-2.42,-0.63,-2.16,-0.68
1631126,Caleb Love,sg_pos,24.5,-3.18,-1.29,-1.89,-1.18,-2.13,-1.84,-1.2
1642358,AJ Johnson,sg_pos,21.5,-3.24,-1.67,-1.57,-1.88,-1.87,-0.74,-0.75
1642962,Drake Powell,sg_pos,20.6,-3.3,-1.95,-1.35,-1.65,-1.23,-3.12,-1.62
1642879,Ben Saraf,pg_pos,20.0,-3.37,-2.76,-0.6,-2.75,-0.61,-2.82,-0.57
1630658,Colin Castleton,c_pos,26.0,-3.48,-2.72,-0.76,-2.84,-0.89,-1.53,0
1642403,Isaac Jones,pf_pos,25.9,-3.61,-2.82,-0.79,-2.89,-0.79,-1.87,-0.72
200768,Kyle Lowry,sg_pos,40.2,-3.63,-3.76,0.13,-2.57,0.93,-3.91,0.07
1631172,Ousmane Dieng,sf_pos,23.0,-3.7,-2.1,-1.6,-2.09,-1.56,-2.12,-1.65
1641998,Trey Jemison,c_pos,26.5,-3.72,-3.64,-0.09,-3.79,-0.1,-2.91,-0.05
1641722,Jordan Hawkins,sg_pos,24.1,-3.78,-1.97,-1.81,-2.03,-1.78,-1.88,-1.84
202687,Bismack Biyombo,c_pos,33.8,-4.19,-4.58,0.39,-3.89,0.78,-4.78,0.32
201145,Jeff Green,pf_pos,39.8,-4.69,-3.8,-0.89,-1.64,-0.95,-4.1,-0.89